conditionId,is_structurally_dead,done_clob_48h
0x1eb44a4bc1927ce53afd89826def6b5752eaeb384726b4eb4ff31349b1e6523f,False,True
0x0cbb7ed4ac49acb774cecae3429d05a74e60adb41d44c091df7b95dde5a00ccf,False,True
0xfab8da8106977db4baa3ce621b9e7c3009504898b8f0288e61e214f142b21752,False,True
0xae9d0ce9578b795d446dbba1c6776579219597f74e0bcdc2d4bc11f1dc619e7d,False,True
0xf31a2f0e144551495f5cbef228b2d5362591f359884ae82000d17698e7bf45e9,False,True
0x4d6b8c01606d5631a1edbb24bee3f120d47ce3bd4e906797849cc91c89146452,False,True
0x83a5e4d3cc2a5347a190304f2c057747fd234aa9c0b721bba468427924a0ed18,False,True
0x50f991d1bae967cfd5fc9fc5443bfb0bf9f41d04f101ff4b537a479829c0cbd6,False,True
0xe4efc9fa3b52765ddd4fb07523d9ec9be09e453324ebdaafa61f4cb44d8bf289,False,True
0xf845fae0304d7c0e02f3928ead5f58936e087286f9eb220221689be292b51d18,False,True
0xfd2cee9fee9a5d171aa909dd6a17dba52488dda7754f9791d29d14711583f34e,False,True
0xbd3e2bb197d4dcce400db04bfe7e8b43ec8b1d906ca0a9e10e81f4ee0f680166,False,True
0x74020daaabdfffc4b1f8648a678ff8610f65cbc2b5005956185920bdfc2711db,False,True
0x1f794487d63963d94abe0b3d99dac24d39620ed45e769f84f0cc66560644bce4,False,True
0x216396fed3e6044865248fea393e234a70bda2dca8c16b387c450a49c1ced05d,False,True
0x16269ecb3e8629b0b1c9470708f52512767ea03d1e8069dd0721815e7f670fdc,False,True
0xa568ae80b6f68331265707522c441eed3b7553eac8ca1178a141e14ea327ef47,False,True
0x4fb86cc5dfed9bb31d48b300b991d04afc7266d3d74c53688c050b75a8676af7,False,True
0xe04109db56f2aadc5bc8bbdbf554e3844643157657397b513ed5bd668dca5a80,False,True
0xb09089a0e1abc687c4debfac8e1768fd1840e8ea29e8022226b3978f65ebb612,False,True
0xc1d90ddbd0a9f7389fe3ebcb5defc02da97c3c79767127a8340ac000edf1312b,False,True
0x8cee05afa217a89cf4d5ca76d90bd287d0c73cf83640d0212c05bc5fe2b40d56,False,True
0x8ac7076b3d84ce71dc420b16af7fc7371328eed81b533c2a1b46cde962d43ae1,False,True
0x181e1e2f031d2528f837995f5420da42be20bc0eaa96f19e8685ac7ca6a2d510,False,True
0xda862b9646a8cb3b2fef8a12fc428bbce7ee20ed28fa6be459236b18c4722332,False,True
0xef483790c60a5371a4c38e0f8e9ac776dc8627d72780feedfd4b8937151070d3,False,True
0x7f6ad51666c66f7034e14a1f071ed4bf6bfa6292b765d5f78471a07738967703,False,True
0x88caba74e2c541ce4adf5b1bdab43d99d6603aec384f6cd83701d01174562835,False,True
0x34a2f8de12451ced9a27930f14136ebafcc7d55467daabca1445f607725899fc,False,True
0xf7b64f133054d289d043f14ba37c7b61f047a83af28f88734be35eb3816f6fa3,False,True
0xe54af197c5de165e8e9d419882827a333681fac4f14133c14fa25827b9297b93,False,True
0x7ad8dc194d06014e1d573ca57b5cca756dea3fed9326351bd63c7dad685f61e1,False,True
0x7e539bcc25e89f2fb1d5aa7ebee223f164eb7fb6332df6b035f95fa4b4751895,False,True
0x1ca75bfb06f8cdc25267a357ea9d23403718ed2b0747f95f7241b686fbacb110,False,True
0x3f7d5cf9d32c29072e936e8636a297c57acc8b04001b03daad42e62bd789e173,False,True
0x8bb636b5207edeb75dce8ed62bb89c9170fef42be36dfa1ab66835e7dbd63502,False,True
0x9c851e52cf68f0488d2cb11c40cb8bd5dc930a3bf2a62c2d7c3f814ec529e406,False,True
0x4094192bf620ee396c7df7be8eba9d68f375c03761094ce753671e64d504a5d2,False,True
0xfd3e125f9c3a7e947851b59bd32678392367d65846b0d509afa4c3a924c51e88,False,True
0xa7b353b33288e7c0a03a6e57bad393ca37cd19a0f17f9f3c8ef47dae83afd52d,False,True
0xaaa555b3d80f77820db53a97293428619d956bae855de8165dbe4dc8608b10a3,False,True
0x5aaaada9e7a523057e5d0745fc9b98faf69bc315650bf01bb162ff86a1045751,False,True
0xe891d1cce4ebba39771da9f65f0bff671b2e61abc277444bdae20b587d20b057,False,True
0x8f646e62bef542e4b1147480bc9b620fa9a119decc9969a9dd501a1706fe3815,False,True
0x1ab896a8edc6f829ab0de1bbfb0a2804f1f854a7736972bec0c47d66968508e9,False,True
0xe00d5e02fd2a941b8af6f0a3cd631c788d9bd1e76c14f43a03f783cf8dc03ab5,False,True
0xd03cfcf7cdb67553ae118972f65623cf74de6a1247f14e120ab968e9eb9cb241,False,True
0xc348fa585ddc5af5f3bb4aa725fc46ab96387eb7ea45f3b817d14595926aa0fa,False,True
0xaf01b2c889165b8963df1bbd61a54670915cd2376e79df473730f5154a5bcad4,False,True
0x9186da2ec5bd8ef6313ee77a39ecef52f1b9daab5bd8392e7434e86a2c461a06,False,True
0x8e6e699b1a991740e9f43ae9366801ab9aed30d5d813e88fafe174e952f78ffa,False,True
0x386589d5a7f78eb0d09db524bdf48ab4dcb5230b9ed858103f96104bda07fc1b,False,True
0xb62f71aef4c9972ddb75ec977b48156e1cc72e30f0e36b0f12c14de7fd94c777,False,True
0x3eff56a3432123f46c289d8283ab60b3a77883daf1c3379e075306039b6e06ad,False,True
0x386449cbc1f91253b63cd6e2fc8f2482d99ca87d49be4c55beb2a9b74978121a,False,True
0x67a0cce00585d84d7f6f34a23af51aad741182406cc547d8c16730088b353a22,False,True
0x352f446c480b7704623cac6caaca92037c97d55f9da046a23329e19ac50bbdb7,False,True
0xa45ad035368cc1b74dfc4b62d2fa2156d9eada921f55c9f2e5928445d54e658a,False,True
0xe88715b55cf6d42b86369591c8567720d9bd9163e7c91c1139507ac3ab017dce,False,True
0x98c28bc20702919319fe133e2474ff7f8c36c916696961e63642627c7ef7b8f6,False,True
0x9d5ad99649d3fcc0b804a716b5013ba5206e7f39ce79905f58f6fd316c62223a,False,True
0x72efaaa88e436ab98e2314f9e3aa2ddae066ea274c8c956198b6b3b60be57819,False,True
0x21553a6826b04bd9c73dec69f5e78a395d0f5c6ed9e06703d8ed717638c655e3,False,True
0xbfe42b2169e0fe582eaaa464f09268a95154b5783e51c06fc1bbdec1a17dad5f,False,True
0x63e7daa9dfb88003869c99bcd46244c8432220a8d634db6b54b614652f3fb668,False,True
0x5ec51f747d2f47d9c2568697cacf2ba59096eb5334b9b0c2fdadbc7262afc429,False,True
0x3e98500c777cf3b8257ce8f95a12b454bda8a0e428715857d190dfa847414c00,False,True
0x0041067f48f7168d9065847d8ced235bd60e57c3009e2f3c7e225107e8ac81f3,False,True
0x815036d00fc540f27d713e41908d4458a35500ed3405958a982b882df02447e0,False,True
0xd426e560d68162bac5c17ced77769bd5dea58682e48445b0351dd2a15a912fd3,False,True
0xac912f749bd1bd450ce6b41af84f01507a9103dfb5b2b8516889e8079821a037,False,True
0x3607feeaee321ddc7622821083b28b84f24c5dce7a7984351794e86e1ba81d86,False,True
0x0977939866d5d7c09c275244d9c73344209fee8a0bc0d08297f53608b1683885,False,True
0x483169eff72d7ad87237bb6ebcfb146461e069fdece516b6be3e40db4dba3317,False,True
0x4d45c623ce4a04cc1ce283174c08735422acd77bd5f1c1f3c9d543cd26dd1a64,False,True
0x548213dec341d8587fd20c94f8fd7ac104e4da3a52263865c5b73e0566288abd,False,True
0x103ea1b8567573ec32dd3b259ff7716e21d6b0a379f16b173f52f2070bf2aad2,False,True
0x3c6f306469562579efb124b4e4f1ea686b32c579e372d8563de49747e707fc34,False,True
0x969cd20c0ed0655fcc77a0b66d44b37a1786ad1da0366c04645ca9ab7d5e8db9,False,True
0x192eab3d07021a94b97938a0a79e8025f34c9421f5d8d0039f41d31aaee74ff9,False,True
0x3bab23f46ec0cb2080d6898b7dc67c5bbbf9eb0e955fc6cd5bd3dc7bb36eb01b,False,True
0x1b6ed5a03d6aba997ef6260f416a7dc309281dcdafe66d154cefacc8d6955b95,False,True
0xb63eaa14504876b78a41c04e2fbebbf9286b33c6241e7f4a7eb177a0cf5691c3,False,True
0xc02e2e9f75479e905380a2ef6337ed7c1799c101fb524687d42757ec1d26ca0f,False,True
0x5d5dfc1fb1707104f04d49f03b71105ae8009a89993c230ca16ecd7fc7643819,False,True
0x3a2c073d20c54bfb578b0c0e86dbcfee7c4e40590a71084368ef68676baac23c,False,True
0x9e9550512ee307463f8f0f80bae27e955d335bf4439e090271053987ae37c18f,False,True
0x6f8150942b1c61fe102b0a24db0b5d004675eb11949fd6be40549360a94af101,False,True
0xc771c39d3258dd41e020ef40c31218b37b3cc3c000fee1a39d637774f5d3f138,False,True
0x7b1434f472c135fac3fdcb6a3502d1b87b861a1d2f4939eb50b11d1608579247,False,True
0x856cb1b505e4c40ad250f4c1285ddcdb27d19cd7a767026d45472e51af9d397b,False,True
0x9973c79d6b9c771c22a121f11a4bf02226225bb54efa8d0a394279038fce732d,False,True
0x4deaaa0066811b5aa58d09e07e358e55c4a6327c78a37433568ca3105aad81ae,False,True
0x833802a6e1cec0ca5db47dd43caa574fb18d743c37b1225d7422cb29e0b541e2,False,True
0xe2f5ab0770da5948d6e341b0e993d7792f680a60bf0fbbdaffa5870ae7943470,False,True
0x47ee820e618646843979ac5ea0d6c905809395016de04c262854173f67094c20,False,True
0x1bf393583443e7536cbbef71b5f95ff30df1411ab51009877cef8dae6aecf4ac,False,True
0x19f94db34f4d4cfe39d9b8053cdea10c87894c35768c31834ff47c6d4a78f599,False,True
0xf3fbc8dae7e93fbcdc42a30e8650699325b210261e470188e1efe9060a7d886d,False,True
0xa0f1e319760d62a641d09784059608ba9b3c625d0948d1e0ee5efc0207ebdc30,False,True
0x5939abcf78f616e57d2c3b673bdd269c309fd9190eb58e705c8a21888f093c37,False,True
0xa71ba9861bceb7e25b55829559f415d16b8798c28ca0fe1581d9c9c8401445e9,False,True
0xdf6ebb57187ac819b572e04fc5ddf4c5a493b211b51a89b4b25541549fc803f3,False,True
0xd6afab2f8c56edf033e2dd34bd579ca225395d45f1e449469a36b12fc429a98e,False,True
0x29eb47bfaf70409d45c29082e72ce43d8e09194f83a797d52ce214aefb45e3fc,False,True
0xc40ddaffa42ef5bbb6e7babe088ec42338055bc33b4475c99152e94355589edf,False,True
0xe20f5847bcd7a5b1ae9e53ddead0bb076437e0d6837d206f95c628a613f01977,False,True
0x0c8a89afc2405d807009bb1fa602d675934ee669104d11b5416b42611c30c9f1,False,True
0x746b39f65c7fd696098b5172cc76f06e5b49db15c0c406c41c7ec4bedb90bd93,False,True
0x8cb59c153ad2bc9e6ec5f507f7453b68eced8685f79b3f86de45f4a6008e61c7,False,True
0x96f85d522a4cbac4878f9985f6ee4dca02a7277e2863f8d56edc6e7c0fcab1f2,False,True
0x78c993ada4364289a347c11cb5863575fa7450ac622ce22cd91840c391483bc1,False,True
0xbbbe004692a8808595e4d7725cdfa427b54df34db590d6b5aa3c7196350b0534,False,True
0x47164874d2cb3a4a530ada363537e3ab19a2ff6bbd47cec6b9700ffbbef2e53b,False,True
0xcf11f138883221ef9711df9272ac110a751847ff67b8d30064789c11ad8c3f6e,False,True
0xbdb7cd78889551bbb8723dee391892b4eb76d7f931db69cca9274ccf5ef0cbeb,False,True
0xb89128d18201f829c9b5b8f0e7e7cd2a2eb3365fa7b1b88e2e8c5f330dfd3cd6,False,True
0x2a37191ac305b318f56c527d928e9cedf321dfbcb13ebf8b4ce8f912cb65a172,False,True
0xaf87935ac5143229b0762b2f1dc5ac381a6b6dbed7b259f3e8bb2a77b22a79ea,False,True
0x194f86d21942137070b3504b9d8be809fd5df943079bf8f8a3ea5434e31a9fbe,False,True
0xf716b372d13a5924ef42607061477120387784d28cbd1107f10a36617fed2002,False,True
0xff5edea413a8de0d338a031fc015f146f78e445b00bd6c97379e1620f5a57e34,False,True
0x4a7e616863d6ed7f1fdf29f8b04d9f8a55b3af25d875a6ecb2f0f85d9d46833d,False,True
0x6c912ec8880403238b89c0b129912b757ad3cc62a9181f17bd49d3e126b7919f,False,True
0x641cd3c6f1bb50aba3bef7bf9f4eced18be901c214e2ea53ca2c9ca2aa8c1b5d,False,True
0x95f4e7ca50b5cc6234ccf061a5cf4ecc356554f134c40a273d7f9a51bfdf8a74,False,True
0x62457ec9e738138f70134403283a7283d51128c34a837f50a8559234fd6cfa4c,False,True
0x29817c6fc72781fd95c9a4cb4642c6d2e5340e23f62546b0791aef867814210f,False,True
0x84ff8dc94a760e6e1de0e78d6d2f003c2d016a25eae9dbce15c15d37bb4eff2a,False,True
0xcace0b3d86740ce149bcc3849fa0b197516752bb929240fd387ff4620688b3e6,False,True
0x4c1c908e2c4270ae0ac33bd3c15836b1a324e74edf303fdd2f0a36a6ca9c15ff,False,True
0xd5f932f559c1fecca3106308fbcd3c8abc1bfd36c4fc25d6365a1842f4ba3a3a,False,True
0x29ce959ff8f1ff05cd24e50be4f6b66c04642afaecc88daac5096d5bb877a31e,False,True
0xd3fb986b2b7d606b9b9f03665c8f1afc8d991e94afe14baf16dbd2808c352bf7,False,True
0x2bbb01dde5b463b898b74077c919e6975cee0f42c6793c4b82edea24f84d5697,False,True
0x125807ec62bdfde8925c195c3430ebf9774b31df99032af6632d55836317ec0a,False,True
0x6fb05a5fdf462bc69fcbcc4e96970d02c5671f710a906878bf704c4d42238fdb,False,True
0xb26716c21cb0e39df4bb277faafd96bdda2275e6d09f369d4c6ccbafbdcd1915,False,True
0x2d44beea7e5f6c16e6810687de65ee265282c6a0dab9011fe80840e47c2d9afb,False,True
0xe7c4e65687185d06f4e52de387ce2ce691ebfd51d4ed9edf79df832843f79d6a,False,True
0x7c39412687368e400c321bd93642b9180784a66fea3178471ca1e7940313fd98,False,True
0xaf650de3bdcba5237bddae9581ef5e63704fa61959d91b9eebbbf35eb30d18b9,False,True
0x12c5359aac3128b2df8bf11d81aa3afb75e60cbab035f3e8ec80ae109ee9c810,False,True
0x242ac3a7792c6d53d6a4dcdddda51c7e72882ba4349d347ed0da8e4e5b6cea19,False,True
0x8d2a80e0b4b0d2eb1c29a765e25c40604d1da94a662f4c930f18b9f19a73ee61,False,True
0x57b87a06bd1d0342b5cde12034d72e1605c609d57f0c7b63e11c467a28f9cf3d,False,True
0x2797fccc231de0253e8053dc79b7cb583d4f7eb1153bc58daa3790e598f79b7a,False,True
0x3991e8381e4e68c925fe21cc3f2bd569ea048336a45774252028084ddb4a840f,False,True
0x685e50df26a1f4fe875274d5f7c258ec13d85d64ee76f66c17fbba4c971e12e4,False,True
0xec5477bb25fc5aeb076b9372235fce1d2d6d913a603497fddaca9a746cf2700f,False,True
0xf92a22d8405720b077fd5e957d5b7b9448d1d47bc043210058552a1bcd130740,False,True
0x13b5425c64608941268024268b0542fca2a7f5130e6a4a3ea2f4a07bce7b9d9f,False,True
0xa5b5285151d97ed70ee6fad0e9772128d0cc0d5bc25e600ce3c641a1637aa357,False,True
0x7f5f4eab133b4774d841825b0ff79deedea0f58a8d1a54da930ac71d5fd415cf,False,True
0xcc119e0a78bd322cb70819cbed58543d336fd63dd1b0ee209327b1e41d0038af,False,True
0x9e6e8c76dfa4ac035d5346a6165f88ac66f44b46d2dbfcf4f96f31f96ff4c9e0,False,True
0xe62cafa1e4f1665cfb12151ed617802f053828229dd91cf17755941e554ba91e,False,True
0x96298ceee8ed23fcac099a1c1774c2564bb616f7964cb3e64cf8dd69bb0ffaf5,False,True
0xf1ff30d3f604b0010950944d141ef0add20f7b808718b272399c3e6dfec5036c,False,True
0x2240feb11f9db5420d4de86306c12882341492f0708a7b83b7ed56a8e6528a3d,False,True
0x06c8d797fed2536c48db0fa0d8746786780a7170584ba9c99e9dcefe5f0a5073,False,True
0x8725f6d1d8db8580898ea2c141b34abaaf75ae60a0cc21f23aeb095df79dcaac,False,True
0x2c47a9a854830a66e12ef0b8309c98e8fca44eb443cff2ab4c4472c231679ab7,False,True
0x18b1f84ea9a2a4085430aa0db595f88615042abf3fda0e56bbbf740e49ec788b,False,True
0xf697dacb560b9d98963ab13638ff0d4c20bf0d1af309fbe4cb0e5931f5ae7908,False,True
0x78eb725a3e47c23567207392fe1248457080361f86c49123e86f9ea87271ecf0,False,True
0xb2100c12dcc88c91f38dd4dfad1049e994172ecbb3b1b00597c5c114b299e179,False,True
0xfa13ad21220a4ba1f1dcd3f3dfd3be41f2cb07209fa64c03405f6b1d685338ef,False,True
0xc4b778f4b2aeb816ee2c0c9daca116354fa50ae6b94ca372b850948c97358737,False,True
0x70952782193d07f17fedb91cd4a84165da877605e8be22522411a89f8dc0ac8e,False,True
0x0dd44f96dacd1207472fecfb28c5b77d0455ef6d34cb367876993e61ad3c53be,False,True
0x4573d7ab77b04f39d36649f00f8849eb3ad25c051fce78c827444897d6e3280e,False,True
0x9f8707152301a79696d177f3d52f8e3fcf12bf6fe803692a07ca3ab2a08b64e0,False,True
0x1fa33bacc9f6cb9c60abe5cb641578dc940ab366f3c37cf4a283069584c53ef7,False,True
0x04ae994d2017bc8b1f83f99862cafb80c52ba8d6b0be53bbd1ee5d1bf10223f4,False,True
0x4df14c042cc75ab5b3b6a07f17c223b9b6316a805272fa4a6d79bc173628a4fe,False,True
0x8460dcb3b23dc55c2c810cf8aca54f9bac5906dfcc1a91994e7f77f679b56b7c,False,True
0xeff6264ce32d56f09bf962ff1c38bf7873f1781b81e59fdb42265e8906db3878,False,True
0xd8e0d11beb6553c922bb46204191a9d7ba8c0fd17bd6b203b6d5c5557f31c063,False,True
0xa5cfa93793d5e02f76af4fd4505ede4b07178b458df50e90fa14bc4754da2dd1,False,True
0x986959e613051734bc3eb5e568ac532eee17420bb52f2c15d55d0efdb60d6880,False,True
0xd9ec7604125dc49861f1a61a4f3ae31bfb18813c23ceb91eeeac0ba842660e31,False,True
0xa00c096ba062386c9f025757c5d58d957eab4d3397408fb8d765659636390bb1,False,True
0x8219082ff4e915efedcd3e9c53ed32db1bdde643999430fff2d9131bc96adaef,False,True
0xc4e49e8350c1af5e31856d4cbda475c94f99c21fc5327a42a2382a861dc3851c,False,True
0x05a4df1c8cc623bafc473e7ab90bfd791c46b40b733acc47fe312b9f1e4abc5b,False,True
0xc6b211a08ec858b25fd251ca428c23be4364bfa6ca96cbfe3619ec3998b05178,False,True
0x0040d53c15888638cbca0aa48be7dee84a17a3aeee73a8c0f4afc35ab18384f7,False,True
0xe6af79572e25fe9b418badd1de1f1032ae677600915460d68dd0776b1a36c108,False,True
0x6ff5a0f3f9f6a55572b56f1a53aa5099786b29c4c002b080b67db917e447d04e,False,True
0x49893bafc912c211070e6dedba898f78028d6ae0b0fc7014ce30781b5e618ab3,False,True
0xde128667fe941511abbbf9483d7f370383ae6db6a8a33f2d8aa35bbd798a02dc,False,True
0x79793e84b7bb511328b3c4f8835ade61855fd73cb2c007b48a3fd54059ac7cfe,False,True
0x4c62208653f17da7fe5e5944c7439b4948465dc397e9dcb4a610897ce0c93c18,False,True
0xba89324f6df4ce84cdc8773d56c2152ac33898085804f65c86cb76c50654ad84,False,True
0x6bcfad376b0836cdeea187c8578328e17511dd0295f1b6afa0b2fed368a29839,False,True
0xb9ba5452e141e2ca056cc1e909d704273eba37dcde4eb70ae86f20a902eb3bef,False,True
0xfb88b22e70fabdf91c1020f752ea4da8d278d22ff6bc54058453626bdd513c6d,False,True
0x8137d425a84134010f70af5c51198b3c0b0155c34125095d12e2a9b9da13e395,False,True
0x746c31e708d8f63c822212f4875e735fad8fe8160ff70803b261c50fc4928821,False,True
0x8048a1e850632d40ca7a8e204dde558c215707774dc383b4b5eafd9687834f1d,False,True
0xfceb557d5e23c23f9ce6fdc4f5602ee9135ed9466d1b9c7a1acd43c4a6db726b,False,True
0xf60d214e8b8842b9c6a9835271dc17a5e565e721c3408984b80f7016cbe2faa1,False,True
0xaf4ae17e643d4456dbdccfa77d79607bb4ae8a59fd5a9637b3a1c7cfce340506,False,True
0xd4635d47ff12077daa50b01da83ea180880f29bc79fcf6aab3740cc231036e58,False,True
0x794a67351f3af442ac66ccb8ec8150de08294e12fb5bb25ddc36d7fd343984f0,False,True
0xf9c2c7b0d1f5b9aa0da122d2c0fb3317912f87b97f9f0887dc665278bc7fc7af,False,True
0xade296350b128a1b253f708f8e8b9d1fa816f729fbe80681ac5a0463e0a96e55,False,True
0x731ac1bcbaf0e491816a4c9c953c4b6b37de93f92b191db774d416753c055146,False,True
0x77e2615272dd63f6ffde0e3e605f85a0f6f4db12852a7bffae4a58b2c363af61,False,True
0xc79b46d80092bd126d785b68323b0b94215b156793e4aa3e7ed2ffa488515a13,False,True
0xd8d14bdc459a08d9d3dd76fb53f1c530cfed6614bace6daf8e47ecb2219709bc,False,True
0xf4690f72280806e3d608f898536bda128c8e814214e11843f851d9a1ad7aedec,False,True
0xc907757fb8bb72003ac98dd96d9d48efbe50e5cb38cb6aba1de33347ab21dec9,False,True
0x29b6429e5f762c658541e55e7f9e38fd6c99cabc2ee4733cb70a4632ff153ee4,False,True
0x41fbfc6f946144efc9cb285edeeff52b5e8e2d3dfa0caf5d7682c448a9c04058,False,True
0x65edfe56b44785d62564cfe82499fe4680385ab600a771d9f43c0c401898357c,False,True
0x1702f182b3e4754464c2936e9a9b76db997ec660181216fc7c87700669db689f,False,True
0xb30bb792ac33351f3f26af20df8a31142b256fd43b0ea1d18dce965332018d82,False,True
0xa0ea4daae8091d788edd9a40dcf554b887da0a07747c15d3ae644c0cf2865c9a,False,True
0x8d9ecd228ba2a953bcaaaae1b7690474cf186e47ed4cc51626b3d2904d0b8cd9,False,True
0x7e811ba83a2fceda671c070fa835101cf8abaeda38e3f0cd52ad3560c5074570,False,True
0xe0658c4beed2102c181b3987edff5edd578ad2952a6eb5fa8018925e5d7a48fd,False,True
0x4aeb08df75e1fc83da8163bfa90e54ad9c164f416614000450300fabe1e9d532,False,True
0xcd267f81e59a8b85418e1d4ec0a1c91ddbb27c8d18315723def60a7904f65231,False,True
0xd85f1b6d62793f09de5af96ea2680dd765798cf6f0b6e3e13270237c0bdfa04d,False,True
0x7fafdb8e3586a4b021aea30de973a5f50bf5173fb77f8b2226520eb4521becec,False,True
0x513fd1306900bc297ec36645e1552922eeea85955fb9b41563059a1217fd9d82,False,True
0x73dce1805d042b99ea45809b3bcc2c37e89581f1416ebfa30f35b3aaa02ea84b,False,True
0x5e2c7c532bf10e7c7cbe04d5c9f319c75d8cb6080a614a0fc16225fb466d17c9,False,True
0x4444cb404701c302cf388a7d6413457332ea03e9030ce8700a29774e27bf8c45,False,True
0x72074e3d16a787b756309f02ea6c3352e9880653f4acc07ee045c3faeba67821,False,True
0x0acfe7efed9cdd52ae88d14863622a231437bc023168a1fa6ad09dc2934f9fb5,False,True
0x03553b25426b45c37b1d9f2abfe7c806c38712fda9715fad2428eb3b0de7fd20,False,True
0x90edb7da8c46cc7d02b05f96eefc59269f9fc9dc57e3a44e05a0c174916a1cc3,False,True
0x78f00f8830f71e099eba577d160153cffef6f1fa315824aa5f43249eceb0f67b,False,True
0x3893b723cde791248a4ded91b7bbdd7a8fbd5bab767b450cdf3c0b1265d7f0de,False,True
0xc4b0517ac87cabeba62b4be15b54ed2aaa53cc3628ee78fdc64caab06175184b,False,True
0x6cb04f20ff1c979c7ad801e612e4c91fe9efc121d52a444c8abcec329b24d980,False,True
0xbc64909d160d2768288f6baa297d9a4d239cff2609482702e627045d5148f3cb,False,True
0x40ffacdc7e180a85c1c6f2fce2269ebd7cbd17ebf82527971c5b5cbd67d3bcdb,False,True
0x9ec95f64b7565acb4d5e46ebd907834ac0ad271242944077572512098bb4f93d,False,True
0xbd9e9b2be41d601841a673b5b44d7d6ae1953f297691f5875a1a380f5ec5d607,False,True
0x670b3fa9c6333c8b6dd5930cef4f160c4ac73ba737802efb721ae2c4e8bc6546,False,True
0x33e8f2ebf72a74f53e7e786018cbc9139e60f5da0eeffc16427990e048e77ea2,False,True
0xf9bd77d7e2424183b01c03d09e18d6c14afea87d8c3c8fa0749d4942ae2ecd08,False,True
0x09ea1da3a44c48af33751bfee8984941f0ee8277c5ce671ea047e3bdd4bfb89d,False,True
0x9235e62f2c543ded686d20963d07ee22f86493a7ed3f79251512ad6ab3787892,False,True
0xfbd127dcd58608b7d19353897a5a0deac97de72c2045250a4071ce83002538f9,False,True
0x020105bd51ab5946d1afda0909e64e5ad408fa7c490ac3caf44a8d4dcce288f4,False,True
0x73eb7c2b396f90ad1371823afff3561bfa9d6b108fef320a7e39aa4c2ba6fa8e,False,True
0x933303c0f3dc5ab5f22e58e7402c3a16c99e8361cfb6694f29780dcb3ce5e19c,False,True
0xfa25380b143019ba9ad92d32a783980031d19ed7aa042c492d0166b69f573483,False,True
0xcdda477612f8d25e0c30e3dc50ea759aa9f4fd6288130105b67cd8f753891375,False,True
0x9e134e2fd684f1994f9114789bdf97d0fd22c4695cb3cea6cf2f16e5be811b8c,False,True
0x8f520a87ba7fbddf5d701aa34817c5fabc944c91cc4c379118c05f368a762990,False,True
0x3f69fe47b662e18702bc763447f31d129719530a115c11bb6bcef84542a36d90,False,True
0xfc26103ed2d7668fa4534120dc2bcdd7bafde187ae394c5e0c0c08e341e4878a,False,True
0x5b4ea1b3517675ca61989a0ad80bc0a24ddb8a927ade83bd8f4885102c09f402,False,True
0xcb0716ad0af88ec794e725a6b4714b208bc4079d1d7b958079b891f7b4448774,False,True
0xbca8bb5fe332e1a3ead7ac2a8169352b3e729c7cf84786b67273f679ab38de79,False,True
0x9c839d7b673b481f41d25933662a827368f76878186d792de1f01c9d1f1d5344,False,True
0x54947058f6b4a406a24d3acd143ed82b194b454fe6522eb126df5f24726e7de0,False,True
0x8345ca223beea9033e0d144820a178f6e96039c4b93a9f8c018ad6b96e845d43,False,True
0x3a36278a4c071cae30d463ff3f3b7bbb7a52fb6dfbc0b4eeb0ce98b9fcc4de33,False,True
0xa8253e1affd5da66d11396cdbe9b4ded5e5b315e7d64c1462337d9ebf20004c5,False,True
0xef6bfae070347280592bfcc728cf8cfae6458e7d77c8641bdcf3314f46c22b83,False,True
0x27abedf475861d47ba77a1624e7347f70fbf9c77955975e7da70a69cdaeba5e9,False,True
0x82f1b07fac1e33c3f520fa0b9ab6d55916705a4215a342d3c79f9296795770af,False,True
0x83bcbcd7d597f67127749dbcad4e2eacfbfb333b7cd799f1b7d8f2b67b59b51c,False,True
0x5df1b69267b5453e40cd7a6664cbe36fbd19507db0e2a814f2eed99d82df0606,False,True
0xe0d6495f5a87635e6363d5686b5c4ae8b54ef8c6be8ffbe7c7076a25c27961b6,False,True
0x3dc41e15ab0b1dd0499e89b4e63f743db5164dc431b28bd70b4164d58d9c2196,False,True
0x97426536a8495431827651cc2b45ee3d9cfa4792eea92c2963e13476e856db32,False,True
0xe074ca0f22e9b82f3cf1b83866387288fb82221a1cf1defe216b711525302a9a,False,True
0x759cde24a608f429aa8b5cd7f06b2348925f8b62ee0f3c44bb2bf39eb884e97a,False,True
0xcd6da828b80dd867a3706f0dfe6d3a8b1faeace44a9bd4995422734deba555b4,False,True
0x0e2716173aa1c6fa290406bbb07b57eb0fe636584368173a25a5e1459fbbfcb2,False,True
0x7a5adffd2afdcf6be785b73d8154d04ba5add0bca4d6e1ebcbfd42102ef95677,False,True
0xec6402396c09097512cbf9ad9854700e076d8867331bffad45677476f14cdc15,False,True
0x71497b65d423598e7ceb154b622a84127d2ff1e7dd9dbfdf6552cc59fa0aab3a,False,True
0xd6165c1a30269d0799b27ee6ea90c048dfd6b27276cbd2aa7e18fe1c4562faa8,False,True
0x6f8871ab38ac7724536b271ba2df72999e712e239673157ae4809dd1c05934dc,False,True
0x7a920c90c86802eee28bf3e69a8082156157e5103f4cca71125ac927ae02e6fd,False,True
0x5b75726b3872d3202e49183d49d33669fd711505aafaf2a543cab27d5d5830b3,False,True
0xc420b0080de735a6d244f694bd8c5331cd48e007aa774f25551f3afc8efb8383,False,True
0x9412b855478d1dc1ba433a18de8bd082dc22b0c3a30c01f307016c2a07c11572,False,True
0x5ef7d98e2b55953be12acc6aa5c13129bfef55a0e48b14ac0f479e08981f9bd1,False,True
0x6a521500cd2c0494540dc059b3eb2f7fa5d2c91dc6f3756ba2aa7a3398aec42d,False,True
0x5850facc590650beec8dbef3733808e900ec144649053d653806e00c3eb8e81f,False,True
0xee94ffe287881854e884411c9dc48688ed8c722315afc725de9fc854b0bbc2ac,False,True
